Name,Client Code
Fake Moon Landing Co.,"ML9853,ML9844"
Fake Moon Landing Co.,"ML9853,ML9844"
Jupiter Candy Inc,JC34123
Coldwater Taxes ,CW57923
Waterlogged Park,"WL68038,WL96832,WL90145,WL09863"
Waterlogged Park,"WL68038,WL96832,WL90145,WL09863"
Waterlogged Park,"WL68038,WL96832,WL90145,WL09863"
Waterlogged Park,"WL68038,WL96832,WL90145,WL09863"
Sunset Building Co,SB78932
Surf Cafe,SC04376
Fish and Chips Cola,"FC09435,FC90143,FC908654"
Fish and Chips Cola,"FC09435,FC90143,FC908654"
Fish and Chips Cola,"FC09435,FC90143,FC908654"
Foggy Mountain Ski Resort ,FM856345
Burning Earth Clay ,BE985643
Slingshot Taxes,ST954327