File,Research
G71919,This file was Permed out by Ayo Edebiri on 1/24/21
G859032,This file was checked out to Zach Braff by Ayo Edebiri on 2/5/22
G844311,This file was checked out to Nick Offerman by Humberly González on 10/4/18
G702192,This file was checked in by Ayo Edebiri on 7/5/21
G173016,This file was Permed out by Dee Bradley Baker on 8/3/23
G511065,This file was Destroyed by Kimiko Glenn on 4/15/21
G826510,This file was checked out to Aubrey Plaza by Charles Andre Martinet on 5/19/23
G495979,This file was Destroyed by Dee Bradley Baker on 12/18/17
G555531,This file was Permed out by Kimiko Glenn on 9/17/23
G112119,This file was Destroyed by Ayo Edebiri on 4/3/21
G443231,This file was Permed out by Dee Bradley Baker on 9/10/18
G619401,This file was Destroyed by Dee Bradley Baker on 6/17/17
G480354,This file was checked in by Dee Bradley Baker on 2/3/22
G123141,This file was checked in by Humberly González on 1/27/23
G557613,This file was Destroyed by Humberly González on 7/29/24
G650536,This file was Permed out by Dee Bradley Baker on 6/19/21
G35908,This file was Destroyed by Charles Andre Martinet on 9/10/21
G338686,This file was not found
G129313,This file was not found
G248851,This file was not found
G394401,This file was not found
G61927,This file was not found
G20479,This file was not found
